{
    "oa": 0.4921383559703827,
    "aa": 0.561739981174469,
    "classes_acc": [
        0.35483211278915405,
        0.9260045289993286,
        0.5524817109107971,
        0.8984962701797485,
        0.6456301212310791,
        0.5151462554931641,
        0.19600576162338257,
        0.4053230881690979
    ],
    "oa_known": 0.523597240447998,
    "aa_known": 0.5840852856636047,
    "unknown": 0.4053230881690979,
    "hos": 0.47855520248413086
}