{
    "oa": 0.4443049132823944,
    "aa": 0.5479862093925476,
    "classes_acc": [
        0.9606082439422607,
        0.4685865342617035,
        0.40121400356292725,
        1.0,
        0.2255104035139084,
        0.4231157600879669,
        0.3756813406944275,
        0.5291734337806702
    ],
    "oa_known": 0.4135514497756958,
    "aa_known": 0.5506737232208252,
    "unknown": 0.5291734337806702,
    "hos": 0.5397095680236816
}