{
    "oa": 0.7980676889419556,
    "aa": 0.6974263191223145,
    "classes_acc": [
        0.9663069248199463,
        0.9155492782592773,
        0.5109869837760925,
        0.6927404999732971,
        0.998253583908081,
        0.5355986952781677,
        0.06257594376802444,
        0.8973987698554993
    ],
    "oa_known": 0.6899758577346802,
    "aa_known": 0.6688588857650757,
    "unknown": 0.8973987698554993,
    "hos": 0.7664551138877869
}