{
    "oa": 0.8401698470115662,
    "aa": 0.7548621892929077,
    "classes_acc": [
        0.9397209882736206,
        0.9506920576095581,
        0.6994413137435913,
        0.819267213344574,
        0.9989521503448486,
        0.59126216173172,
        0.10874848067760468,
        0.9308130741119385
    ],
    "oa_known": 0.7415322065353394,
    "aa_known": 0.7297264337539673,
    "unknown": 0.9308130741119385,
    "hos": 0.8180942535400391
}