{
    "oa": 0.8041274547576904,
    "aa": 0.7186417579650879,
    "classes_acc": [
        0.9732824563980103,
        0.9489619135856628,
        0.7456238269805908,
        0.380952388048172,
        1.0,
        0.7414239645004272,
        0.029921021312475204,
        0.9289683699607849
    ],
    "oa_known": 0.6682759523391724,
    "aa_known": 0.6885951161384583,
    "unknown": 0.9289683699607849,
    "hos": 0.7909217476844788
}