{
    "oa": 0.544501781463623,
    "aa": 0.6039709448814392,
    "classes_acc": [
        0.7605878114700317,
        0.8217955827713013,
        0.754673421382904,
        0.951127827167511,
        0.3778286278247833,
        0.7630501389503479,
        0.15163737535476685,
        0.25106677412986755
    ],
    "oa_known": 0.6508326530456543,
    "aa_known": 0.6543858647346497,
    "unknown": 0.25106677412986755,
    "hos": 0.36290037631988525
}