{
    "oa": 0.8748372197151184,
    "aa": 0.7808994650840759,
    "classes_acc": [
        0.9645959734916687,
        0.9212802648544312,
        0.6994413137435913,
        0.8130918145179749,
        0.9989521503448486,
        0.7550162076950073,
        0.10586269944906235,
        0.9889553189277649
    ],
    "oa_known": 0.7506542801856995,
    "aa_known": 0.7511772513389587,
    "unknown": 0.9889553189277649,
    "hos": 0.8538208603858948
}