{
    "oa": 0.5866319537162781,
    "aa": 0.7050880789756775,
    "classes_acc": [
        0.9431429505348206,
        0.8658088445663452,
        0.7515828609466553,
        0.6721559166908264,
        0.9979043006896973,
        0.8168284893035889,
        0.12879708409309387,
        0.46448418498039246
    ],
    "oa_known": 0.7195528149604797,
    "aa_known": 0.7394600510597229,
    "unknown": 0.46448418498039246,
    "hos": 0.5705704689025879
}