{
    "oa": 0.7887467741966248,
    "aa": 0.6567161083221436,
    "classes_acc": [
        0.9770992398262024,
        0.8077422380447388,
        0.5657355785369873,
        0.29504597187042236,
        0.9993014335632324,
        0.6103559732437134,
        0.03447752073407173,
        0.9639704823493958
    ],
    "oa_known": 0.5980688333511353,
    "aa_known": 0.6128225326538086,
    "unknown": 0.9639704823493958,
    "hos": 0.7492966055870056
}