{
    "oa": 0.5599735379219055,
    "aa": 0.6992413997650146,
    "classes_acc": [
        0.9389733672142029,
        0.7946587800979614,
        0.6395036578178406,
        1.0,
        0.8506738543510437,
        0.7161142826080322,
        0.5245715975761414,
        0.12943559885025024
    ],
    "oa_known": 0.7159857749938965,
    "aa_known": 0.7806422710418701,
    "unknown": 0.12943559885025024,
    "hos": 0.22205330431461334
}