{
    "oa": 0.5323637127876282,
    "aa": 0.5597807168960571,
    "classes_acc": [
        0.8696805834770203,
        0.5611346960067749,
        0.733508825302124,
        0.38721805810928345,
        0.7174394130706787,
        0.6255854964256287,
        0.21080975234508514,
        0.37286925315856934
    ],
    "oa_known": 0.590158998966217,
    "aa_known": 0.5864824056625366,
    "unknown": 0.37286925315856934,
    "hos": 0.4558938443660736
}